run,SC,SR,Forward_Sinkhorn,Forward_GroupLasso,Backward_Sinkhorn,Backward_GroupLasso,RPA,EU
1,0.7916666666666666,0.9583333333333334,0.9166666666666666,0.875,0.875,0.9166666666666666,0.9166666666666666,0.9166666666666666
2,0.9583333333333334,1.0,0.9583333333333334,1.0,1.0,1.0,1.0,1.0
3,1.0,1.0,1.0,1.0,0.875,0.9583333333333334,0.9583333333333334,0.9583333333333334
4,0.9166666666666666,0.9583333333333334,1.0,0.9166666666666666,0.9166666666666666,0.9166666666666666,0.9583333333333334,0.9583333333333334
5,0.9583333333333334,1.0,0.9583333333333334,0.9583333333333334,1.0,1.0,1.0,1.0
